id,student_no,real_name
8619,S08619,沈欣
3799,S03799,Olivia
3799,S03799,Olivia
8147,S08147,张凯
12253,S12253,朱凯
11316,S11316,尤超宇
11316,S11316,尤超宇
5828,S05828,周燕丹
8212,S08212,王鑫皓
8212,S08212,王鑫皓
8212,S08212,王鑫皓
8212,S08212,王鑫皓
18413,S18413,华磊
18413,S18413,华磊
18413,S18413,华磊
18413,S18413,华磊
1541,S01541,Noah
1541,S01541,Noah
1541,S01541,Noah
1764,S01764,金琳芳
1764,S01764,金琳芳
1764,S01764,金琳芳
8237,S08237,冯昊鑫
8237,S08237,冯昊鑫
15282,S15282,华博凯
15282,S15282,华博凯
15282,S15282,华博凯
18767,S18767,褚静
18767,S18767,褚静
13221,S13221,冯颖
13221,S13221,冯颖
11339,S11339,张敏
11339,S11339,张敏
2700,S02700,孙倩
2700,S02700,孙倩
9876,S09876,韩斌
17482,S17482,许媛婷
17482,S17482,许媛婷
17482,S17482,许媛婷
12814,S12814,魏晨洋
12814,S12814,魏晨洋
4723,S04723,魏鹏
4723,S04723,魏鹏
4723,S04723,魏鹏
12228,S12228,冯鹏
12228,S12228,冯鹏
12228,S12228,冯鹏
1370,S01370,孙丹
6470,S06470,何艳
6470,S06470,何艳
6470,S06470,何艳
7260,S07260,秦洋
7260,S07260,秦洋
14899,S14899,郑燕婷
14899,S14899,郑燕婷
14899,S14899,郑燕婷
12333,S12333,孔丽
15799,S15799,赵萍
15785,S15785,韩艳颖
12395,S12395,王凯
1425,S01425,蒋萍
1425,S01425,蒋萍
1425,S01425,蒋萍
11983,S11983,姜颖
9043,S09043,钱丽
277,S00277,华超强
6028,S06028,蒋强皓
12201,S12201,尤洋
12201,S12201,尤洋
8446,S08446,沈静
8446,S08446,沈静
9328,S09328,李丽琪
7690,S07690,尤丽
7690,S07690,尤丽
5090,S05090,褚雪
5090,S05090,褚雪
19583,S19583,姜燕倩
17493,S17493,王涛
11378,S11378,张斌
7444,S07444,吴晨宇
4468,S04468,王艳
4468,S04468,王艳
301,S00301,李强
7118,S07118,吴磊
15196,S15196,金鹏
1100,S01100,严倩欣
1100,S01100,严倩欣
1100,S01100,严倩欣
4004,S04004,蒋鹏
1708,S01708,吴伟勇
19042,S19042,吴军
19042,S19042,吴军
19042,S19042,吴军
17786,S17786,尤慧
2077,S02077,严晨
15033,S15033,钱涛
14111,S14111,Mia
9892,S09892,曹静倩
9892,S09892,曹静倩
5117,S05117,钱琪
5117,S05117,钱琪
3951,S03951,许丽
17180,S17180,张颖
2349,S02349,何晨
1789,S01789,沈婷
1789,S01789,沈婷
19105,S19105,杨磊峰
8892,S08892,吴鑫
16056,S16056,Olivia
16056,S16056,Olivia
9908,S09908,吴昊
18774,S18774,褚鹏
9942,S09942,吴洋
7294,S07294,施琳
6705,S06705,Sophia
6705,S06705,Sophia
16768,S16768,尤娜
9320,S09320,褚娜
9320,S09320,褚娜
9320,S09320,褚娜
1176,S01176,魏浩军
14004,S14004,钱琳丽
19819,S19819,Ethan
10939,S10939,赵倩琳
10939,S10939,赵倩琳
2224,S02224,陶杰
2224,S02224,陶杰
2224,S02224,陶杰
5757,S05757,何婷
19849,S19849,郑雪
19849,S19849,郑雪
10728,S10728,陶雪
10728,S10728,陶雪
1199,S01199,杨欣
1199,S01199,杨欣
18003,S18003,吕倩媛
18003,S18003,吕倩媛
18003,S18003,吕倩媛
10205,S10205,何琪敏
10205,S10205,何琪敏
14539,S14539,王媛
14539,S14539,王媛
1655,S01655,严慧娜
1655,S01655,严慧娜
6494,S06494,张倩燕
15115,S15115,曹皓
11425,S11425,陈洁
11425,S11425,陈洁
19366,S19366,褚婷
19366,S19366,褚婷
13299,S13299,曹磊
13299,S13299,曹磊
18688,S18688,冯欣
28,S00028,周芳洁
28,S00028,周芳洁
9249,S09249,钱琪燕
4559,S04559,严媛
2352,S02352,孔浩
2352,S02352,孔浩
2352,S02352,孔浩
17251,S17251,何强
17251,S17251,何强
10865,S10865,秦宇
3657,S03657,张倩倩
3657,S03657,张倩倩
18933,S18933,Noah
5493,S05493,孙萍
7106,S07106,Ava
7106,S07106,Ava
2276,S02276,钱丽
6577,S06577,王峰晨
17717,S17717,陈颖
8213,S08213,Liam
11774,S11774,冯伟
11774,S11774,冯伟
13724,S13724,韩欣雅
13724,S13724,韩欣雅
13724,S13724,韩欣雅
17375,S17375,Liam
17375,S17375,Liam
19971,S19971,赵航
19971,S19971,赵航
19971,S19971,赵航
14030,S14030,尤倩燕
14030,S14030,尤倩燕
7835,S07835,陈杰峰
7835,S07835,陈杰峰
7835,S07835,陈杰峰
6789,S06789,蒋皓
1341,S01341,魏涛
8762,S08762,褚峰浩
8762,S08762,褚峰浩
13860,S13860,姜琪
2078,S02078,蒋媛
2078,S02078,蒋媛
2078,S02078,蒋媛
15005,S15005,孙皓
15005,S15005,孙皓
12803,S12803,曹航
12803,S12803,曹航
17743,S17743,吕超博
17743,S17743,吕超博
17743,S17743,吕超博
17743,S17743,吕超博
17743,S17743,吕超博
705,S00705,姜雅
705,S00705,姜雅
2064,S02064,陈琳艳
2064,S02064,陈琳艳
2064,S02064,陈琳艳
11008,S11008,王杰
11234,S11234,王超宇
10045,S10045,张雪
10045,S10045,张雪
16366,S16366,孙杰杰
8609,S08609,Emma
2519,S02519,华浩勇
5344,S05344,冯丽媛
5344,S05344,冯丽媛
5344,S05344,冯丽媛
5344,S05344,冯丽媛
11412,S11412,冯昊洋
4109,S04109,华丹
4109,S04109,华丹
11399,S11399,曹娜
11399,S11399,曹娜
9448,S09448,华涛超
9448,S09448,华涛超
12939,S12939,尤丽丹
12939,S12939,尤丽丹
12939,S12939,尤丽丹
19497,S19497,何博
19497,S19497,何博
10309,S10309,周丽
10309,S10309,周丽
9932,S09932,施媛
12751,S12751,冯博皓
18148,S18148,李雪雪
12008,S12008,褚昊航
12008,S12008,褚昊航
13500,S13500,卫丽
18691,S18691,吴皓
18691,S18691,吴皓
18691,S18691,吴皓
16004,S16004,郑鹏
16004,S16004,郑鹏
2470,S02470,何丹
7403,S07403,秦敏丽
7403,S07403,秦敏丽
6114,S06114,吴鹏勇
6114,S06114,吴鹏勇
9841,S09841,秦丹
13338,S13338,沈洁
13338,S13338,沈洁
13338,S13338,沈洁
13338,S13338,沈洁
13338,S13338,沈洁
18711,S18711,郑倩颖
18711,S18711,郑倩颖
19149,S19149,孙雪
19149,S19149,孙雪
19149,S19149,孙雪
7733,S07733,沈军
7733,S07733,沈军
11892,S11892,沈倩
11892,S11892,沈倩
11892,S11892,沈倩
18692,S18692,赵凯
18692,S18692,赵凯
7065,S07065,周欣
6955,S06955,周萍倩
6955,S06955,周萍倩
11116,S11116,王婷
18705,S18705,陈航
18705,S18705,陈航
18705,S18705,陈航
8827,S08827,孔涛
8827,S08827,孔涛
8827,S08827,孔涛
15344,S15344,吴萍
15344,S15344,吴萍
8353,S08353,沈燕静
8353,S08353,沈燕静
8353,S08353,沈燕静
8353,S08353,沈燕静
2731,S02731,孔媛
589,S00589,何浩磊
589,S00589,何浩磊
589,S00589,何浩磊
589,S00589,何浩磊
13276,S13276,张倩
13830,S13830,Liam
13830,S13830,Liam
13830,S13830,Liam
13670,S13670,陈浩昊
13670,S13670,陈浩昊
8548,S08548,沈斌
8548,S08548,沈斌
8548,S08548,沈斌
3736,S03736,蒋宇
3636,S03636,蒋军
9574,S09574,孙斌
9574,S09574,孙斌
3255,S03255,曹伟
16915,S16915,孙皓
18829,S18829,Sophia
18829,S18829,Sophia
9974,S09974,卫娜
9169,S09169,韩浩
9882,S09882,陈娜
9882,S09882,陈娜
19516,S19516,姜浩
19516,S19516,姜浩
13504,S13504,周皓
13504,S13504,周皓
12958,S12958,李雅
15594,S15594,施峰
15594,S15594,施峰
5546,S05546,尤斌
5546,S05546,尤斌
5546,S05546,尤斌
13529,S13529,钱雅艳
13529,S13529,钱雅艳
13341,S13341,沈欣
13341,S13341,沈欣
7661,S07661,蒋昊
15227,S15227,尤媛
15227,S15227,尤媛
8223,S08223,姜洋博
8223,S08223,姜洋博
11229,S11229,周丽
1426,S01426,陶媛
1426,S01426,陶媛
10790,S10790,卫昊勇
3171,S03171,王强
14156,S14156,施敏
10956,S10956,赵凯
14482,S14482,郑倩
14482,S14482,郑倩
13797,S13797,杨浩
15387,S15387,沈鑫
2418,S02418,卫倩
2418,S02418,卫倩
8580,S08580,姜鹏
12203,S12203,韩婷
4734,S04734,Ethan
6216,S06216,王静欣
9921,S09921,华昊
19005,S19005,Emma
19005,S19005,Emma
16904,S16904,沈媛
16904,S16904,沈媛
6119,S06119,陶娜
6119,S06119,陶娜
3630,S03630,Lucas
245,S00245,吴媛
245,S00245,吴媛
18654,S18654,Ethan
15163,S15163,Lucas
12606,S12606,张琳洁
15428,S15428,钱芳
593,S00593,朱静
479,S00479,杨军
479,S00479,杨军
10721,S10721,姜涛
6213,S06213,郑琳
6213,S06213,郑琳
6213,S06213,郑琳
6213,S06213,郑琳
3960,S03960,周媛欣
3960,S03960,周媛欣
3960,S03960,周媛欣
3960,S03960,周媛欣
7748,S07748,朱洁欣
7748,S07748,朱洁欣
7748,S07748,朱洁欣
13597,S13597,杨斌峰
13597,S13597,杨斌峰
10857,S10857,Mia
19769,S19769,周洁
5797,S05797,褚颖颖
5797,S05797,褚颖颖
1061,S01061,张丹
17609,S17609,杨凯
17609,S17609,杨凯
14759,S14759,华雅
9022,S09022,卫丹婷
9022,S09022,卫丹婷
5109,S05109,Ethan
15861,S15861,赵琳
19962,S19962,韩航浩
19962,S19962,韩航浩
19962,S19962,韩航浩
19962,S19962,韩航浩
6228,S06228,周倩
6228,S06228,周倩
6228,S06228,周倩
7995,S07995,曹雅
7995,S07995,曹雅
9820,S09820,吴欣
9820,S09820,吴欣
9820,S09820,吴欣
10461,S10461,郑博
10461,S10461,郑博
10461,S10461,郑博
3374,S03374,金航
3374,S03374,金航
3374,S03374,金航
19974,S19974,Noah
19974,S19974,Noah
5067,S05067,沈磊
14010,S14010,Ava
16482,S16482,魏伟勇
7969,S07969,陈鹏
7969,S07969,陈鹏
11838,S11838,Noah
17316,S17316,褚皓伟
16524,S16524,孔慧
16524,S16524,孔慧
18837,S18837,钱凯超
2201,S02201,何艳倩
705,S00705,姜雅
705,S00705,姜雅
7382,S07382,华欣
7382,S07382,华欣
5352,S05352,尤勇
5352,S05352,尤勇
12470,S12470,Olivia
5739,S05739,秦鹏
5739,S05739,秦鹏
18951,S18951,Ethan
10159,S10159,赵媛
16996,S16996,Lucas
16996,S16996,Lucas
13596,S13596,尤伟
13596,S13596,尤伟
13228,S13228,姜雅
13760,S13760,李洋
15607,S15607,金琳
1123,S01123,张慧
471,S00471,蒋涛
15971,S15971,杨宇航
11599,S11599,华琳
4975,S04975,褚凯
17678,S17678,严强峰
17678,S17678,严强峰
3378,S03378,孔丽
3378,S03378,孔丽
2724,S02724,赵伟
2724,S02724,赵伟
19717,S19717,朱晨
19717,S19717,朱晨
18302,S18302,曹皓峰
18302,S18302,曹皓峰
18302,S18302,曹皓峰
16586,S16586,Sophia
7369,S07369,冯峰
7369,S07369,冯峰
7078,S07078,沈雪
7078,S07078,沈雪
18064,S18064,Ava
19796,S19796,孔昊
19796,S19796,孔昊
14350,S14350,周倩
14697,S14697,严勇
14697,S14697,严勇
14697,S14697,严勇
9985,S09985,金欣慧
17684,S17684,孙洋斌
6379,S06379,卫媛
6379,S06379,卫媛
5878,S05878,褚峰斌
7848,S07848,王洁
13971,S13971,郑欣
19252,S19252,Mia
19252,S19252,Mia
19252,S19252,Mia
19252,S19252,Mia
9928,S09928,魏雅
14984,S14984,孙琳媛
14984,S14984,孙琳媛
14984,S14984,孙琳媛
8935,S08935,郑敏
337,S00337,魏琳
18683,S18683,沈倩
16983,S16983,魏宇
16983,S16983,魏宇
15691,S15691,褚勇斌
12718,S12718,褚琪琳
12718,S12718,褚琪琳
12718,S12718,褚琪琳
2087,S02087,吴超
2087,S02087,吴超
8055,S08055,李丽
8055,S08055,李丽
5569,S05569,褚伟
5569,S05569,褚伟
17879,S17879,赵峰
17879,S17879,赵峰
17879,S17879,赵峰
15613,S15613,Liam
13690,S13690,许强
10058,S10058,褚燕
10058,S10058,褚燕
7118,S07118,吴磊
13479,S13479,许博鑫
705,S00705,姜雅
705,S00705,姜雅
11690,S11690,褚鑫磊
11690,S11690,褚鑫磊
11690,S11690,褚鑫磊
4807,S04807,赵婷倩
4807,S04807,赵婷倩
4807,S04807,赵婷倩
12900,S12900,孔雪
12900,S12900,孔雪
7827,S07827,陶琳洁
15012,S15012,周晨
12294,S12294,孙晨
12294,S12294,孙晨
12294,S12294,孙晨
11347,S11347,孙鹏
11347,S11347,孙鹏
10442,S10442,尤勇
2440,S02440,施航超
7766,S07766,卫宇
7766,S07766,卫宇
2661,S02661,朱欣雅
2661,S02661,朱欣雅
2661,S02661,朱欣雅
2604,S02604,孔萍
2604,S02604,孔萍
2604,S02604,孔萍
6061,S06061,王航军
17762,S17762,冯涛
1981,S01981,卫慧琪
11736,S11736,Isabella
14231,S14231,吴艳萍
14231,S14231,吴艳萍
14231,S14231,吴艳萍
11808,S11808,尤慧
11808,S11808,尤慧
5214,S05214,吴萍
19097,S19097,冯磊鹏
19097,S19097,冯磊鹏
11450,S11450,张超超
11450,S11450,张超超
12064,S12064,李艳
9223,S09223,Noah
9223,S09223,Noah
12267,S12267,陶慧
12267,S12267,陶慧
9353,S09353,曹凯
3499,S03499,秦浩
7532,S07532,卫颖
13682,S13682,吴杰
13682,S13682,吴杰
13682,S13682,吴杰
12233,S12233,钱洋
12233,S12233,钱洋
10511,S10511,郑磊洋
10511,S10511,郑磊洋
10511,S10511,郑磊洋
10511,S10511,郑磊洋
11754,S11754,张涛
7433,S07433,魏晨
7433,S07433,魏晨
7433,S07433,魏晨
6858,S06858,吕萍
6858,S06858,吕萍
14832,S14832,施勇
14832,S14832,施勇
14832,S14832,施勇
14832,S14832,施勇
1269,S01269,严浩
17819,S17819,卫琳
17819,S17819,卫琳
8042,S08042,冯洋
8042,S08042,冯洋
10581,S10581,尤斌
2519,S02519,华浩勇
8714,S08714,华勇
8714,S08714,华勇
8714,S08714,华勇
6999,S06999,吕洁
12711,S12711,吴艳
12711,S12711,吴艳
13551,S13551,施丽
13551,S13551,施丽
7386,S07386,陈皓
4174,S04174,Ava
4174,S04174,Ava
4174,S04174,Ava
4174,S04174,Ava
4771,S04771,Ethan
10260,S10260,王洁
10040,S10040,Ava
8351,S08351,曹雪琪
8351,S08351,曹雪琪
17974,S17974,何皓
17974,S17974,何皓
19782,S19782,张雪雅
19782,S19782,张雪雅
7206,S07206,何鑫
7206,S07206,何鑫
10298,S10298,韩雅
10298,S10298,韩雅
10298,S10298,韩雅
2121,S02121,王静倩
2121,S02121,王静倩
673,S00673,卫媛
673,S00673,卫媛
673,S00673,卫媛
10212,S10212,Sophia
2190,S02190,孙静
2190,S02190,孙静
5858,S05858,褚丽
16056,S16056,Olivia
16056,S16056,Olivia
1195,S01195,张洁
13626,S13626,曹航军
13626,S13626,曹航军
13626,S13626,曹航军
13626,S13626,曹航军
11552,S11552,许磊
10171,S10171,钱洋
10171,S10171,钱洋
810,S00810,金斌
15084,S15084,钱雅
15084,S15084,钱雅
15084,S15084,钱雅
1670,S01670,李皓军
17958,S17958,蒋雅
17958,S17958,蒋雅
17958,S17958,蒋雅
17958,S17958,蒋雅
14415,S14415,Ava
730,S00730,曹凯
730,S00730,曹凯
15769,S15769,冯洋
13303,S13303,卫雅
13303,S13303,卫雅
5415,S05415,孙杰
3277,S03277,王博
19445,S19445,郑斌
16873,S16873,孙颖芳
1927,S01927,吕敏
1927,S01927,吕敏
1927,S01927,吕敏
3056,S03056,赵晨
3056,S03056,赵晨
304,S00304,严琳芳
304,S00304,严琳芳
74,S00074,孔娜倩
74,S00074,孔娜倩
74,S00074,孔娜倩
2495,S02495,褚琪敏
10769,S10769,褚鹏浩
17981,S17981,卫洋杰
17981,S17981,卫洋杰
111,S00111,孙雪
8851,S08851,卫芳
8851,S08851,卫芳
16739,S16739,施媛琪
16739,S16739,施媛琪
3819,S03819,许鹏凯
3819,S03819,许鹏凯
11166,S11166,Mia
11166,S11166,Mia
3494,S03494,华浩
4056,S04056,魏静
18101,S18101,秦欣芳
18101,S18101,秦欣芳
10922,S10922,Isabella
10922,S10922,Isabella
10922,S10922,Isabella
18647,S18647,赵鹏
18647,S18647,赵鹏
14083,S14083,姜涛航
3757,S03757,张宇
3757,S03757,张宇
19014,S19014,蒋凯
19014,S19014,蒋凯
19014,S19014,蒋凯
19014,S19014,蒋凯
3692,S03692,赵琳
6889,S06889,赵昊
8977,S08977,陶昊涛
4376,S04376,施强
4376,S04376,施强
643,S00643,孙颖
643,S00643,孙颖
643,S00643,孙颖
15448,S15448,许洋
10927,S10927,姜晨
10927,S10927,姜晨
7031,S07031,Olivia
385,S00385,孙燕
9190,S09190,卫洋伟
6853,S06853,张凯
18865,S18865,何丽
18865,S18865,何丽
18865,S18865,何丽
6852,S06852,吴浩凯
6852,S06852,吴浩凯
9668,S09668,华浩
5739,S05739,秦鹏
5739,S05739,秦鹏
2401,S02401,Isabella
18591,S18591,杨丹静
18591,S18591,杨丹静
7597,S07597,杨欣
8510,S08510,陈超浩
17988,S17988,朱洋
3221,S03221,尤凯斌
4909,S04909,许萍倩
2788,S02788,卫雪
2788,S02788,卫雪
14245,S14245,姜敏芳
7939,S07939,吕琪
2149,S02149,沈博
12246,S12246,陈磊磊
12246,S12246,陈磊磊
739,S00739,秦鹏
9494,S09494,姜丽媛
10326,S10326,Sophia
10326,S10326,Sophia
10326,S10326,Sophia
1585,S01585,金静
17187,S17187,Olivia
17187,S17187,Olivia
872,S00872,严杰
4193,S04193,孔皓浩
4193,S04193,孔皓浩
13617,S13617,严杰
13617,S13617,严杰
19783,S19783,何宇斌
17671,S17671,Liam
17671,S17671,Liam
13347,S13347,沈琪
6324,S06324,许皓
6324,S06324,许皓
6324,S06324,许皓
6659,S06659,陶皓
6659,S06659,陶皓
5753,S05753,吕芳静
6361,S06361,魏伟航
6361,S06361,魏伟航
7781,S07781,李丽
7781,S07781,李丽
13353,S13353,钱凯
4069,S04069,Isabella
12144,S12144,周丹
5428,S05428,蒋洋
9714,S09714,蒋鹏
9714,S09714,蒋鹏
5081,S05081,姜娜
5081,S05081,姜娜
14485,S14485,施琪颖
7076,S07076,Sophia
7076,S07076,Sophia
7223,S07223,韩勇涛
17320,S17320,吴娜
17320,S17320,吴娜
837,S00837,蒋超
9604,S09604,赵斌
13474,S13474,卫雅
13474,S13474,卫雅
13474,S13474,卫雅
2924,S02924,吕峰
12448,S12448,李洁
16109,S16109,施艳雪
19289,S19289,吕敏
14049,S14049,沈勇
3901,S03901,朱洋强
74,S00074,孔娜倩
74,S00074,孔娜倩
74,S00074,孔娜倩
5603,S05603,蒋斌
17883,S17883,吕芳
2557,S02557,蒋丽
10876,S10876,施皓
19452,S19452,郑峰
12826,S12826,魏勇
18858,S18858,冯静
7285,S07285,金鹏
7285,S07285,金鹏
7285,S07285,金鹏
17189,S17189,钱强
17189,S17189,钱强
17189,S17189,钱强
9164,S09164,冯杰
3890,S03890,尤强勇
14030,S14030,尤倩燕
14030,S14030,尤倩燕
4462,S04462,尤敏
10056,S10056,李皓宇
19878,S19878,张丹
19878,S19878,张丹
795,S00795,王丽丹
5922,S05922,金军
14864,S14864,孔静
14864,S14864,孔静
14404,S14404,施雅慧
14404,S14404,施雅慧
15362,S15362,施博
18499,S18499,曹浩
18045,S18045,张超
18045,S18045,张超
13179,S13179,韩丽
17584,S17584,赵欣倩
16685,S16685,冯燕慧
8836,S08836,杨琳
8836,S08836,杨琳
14868,S14868,周艳
8714,S08714,华勇
8714,S08714,华勇
8714,S08714,华勇
13922,S13922,沈萍静
13922,S13922,沈萍静
2787,S02787,金雪
4391,S04391,曹涛
18516,S18516,钱倩
18516,S18516,钱倩
15819,S15819,杨强
15819,S15819,杨强
12502,S12502,孔博峰
12502,S12502,孔博峰
1136,S01136,吴杰
208,S00208,何娜娜
208,S00208,何娜娜
4727,S04727,Ava
4727,S04727,Ava
4727,S04727,Ava
13021,S13021,杨皓涛
13021,S13021,杨皓涛
13021,S13021,杨皓涛
559,S00559,Liam
14619,S14619,魏航航
14619,S14619,魏航航
14619,S14619,魏航航
13260,S13260,李丹
13260,S13260,李丹
1928,S01928,冯颖艳
1928,S01928,冯颖艳
9131,S09131,孙婷
10440,S10440,褚勇鑫
10440,S10440,褚勇鑫
13217,S13217,赵宇晨
19457,S19457,吕航
19457,S19457,吕航
17946,S17946,许勇
8456,S08456,曹晨
8456,S08456,曹晨
16426,S16426,何博
19899,S19899,施媛芳
4860,S04860,沈超
8750,S08750,孙雅
8750,S08750,孙雅
3105,S03105,冯航
15018,S15018,卫敏倩
226,S00226,陈晨
226,S00226,陈晨
2724,S02724,赵伟
2724,S02724,赵伟
10417,S10417,Emma
10417,S10417,Emma
10417,S10417,Emma
10417,S10417,Emma
13709,S13709,李峰凯
4262,S04262,孙雅
6807,S06807,华倩
3568,S03568,严燕
3568,S03568,严燕
5640,S05640,秦浩磊
5640,S05640,秦浩磊
16158,S16158,Lucas
9086,S09086,赵颖燕
6112,S06112,华浩
6112,S06112,华浩
3294,S03294,陶慧
11951,S11951,Mia
11951,S11951,Mia
14339,S14339,孙斌
14339,S14339,孙斌
3913,S03913,孔浩
3913,S03913,孔浩
13617,S13617,严杰
13617,S13617,严杰
14940,S14940,赵强斌
14940,S14940,赵强斌
13931,S13931,Sophia
7493,S07493,陶杰
7493,S07493,陶杰
7493,S07493,陶杰
10815,S10815,郑芳
16342,S16342,陶鹏
1496,S01496,曹静
1496,S01496,曹静
2390,S02390,吴敏
17306,S17306,魏丽
7661,S07661,蒋昊
17199,S17199,吕燕
2524,S02524,韩燕
15232,S15232,Olivia
3956,S03956,尤敏
3956,S03956,尤敏
17801,S17801,施媛
13542,S13542,赵燕萍
2539,S02539,蒋雪
2539,S02539,蒋雪
17905,S17905,卫雪
6359,S06359,冯凯鹏
1291,S01291,周晨
15037,S15037,杨峰军
14438,S14438,金洋
14438,S14438,金洋
18025,S18025,尤皓
18025,S18025,尤皓
16165,S16165,王琪
16165,S16165,王琪
18764,S18764,Ethan
18764,S18764,Ethan
18764,S18764,Ethan
12703,S12703,吕宇
1566,S01566,尤琪欣
5448,S05448,王欣
5448,S05448,王欣
19216,S19216,严勇
1463,S01463,陶敏媛
1463,S01463,陶敏媛
1463,S01463,陶敏媛
9809,S09809,姜浩
9809,S09809,姜浩
216,S00216,姜敏
18168,S18168,王浩
3865,S03865,Ethan
3865,S03865,Ethan
5246,S05246,陶娜
5246,S05246,陶娜
13134,S13134,赵静雅
149,S00149,沈航峰
4505,S04505,赵宇
4505,S04505,赵宇
19377,S19377,秦欣
10531,S10531,Lucas
10531,S10531,Lucas
10531,S10531,Lucas
245,S00245,吴媛
245,S00245,吴媛
17786,S17786,尤慧
12526,S12526,蒋敏
12526,S12526,蒋敏
7685,S07685,华慧娜
17280,S17280,杨宇洋
16645,S16645,郑勇
16645,S16645,郑勇
10000,S10000,姜丽
3484,S03484,Noah
3484,S03484,Noah
3484,S03484,Noah
11558,S11558,华丹
14530,S14530,姜婷婷
14530,S14530,姜婷婷
12150,S12150,韩超勇
9209,S09209,Liam
9209,S09209,Liam
14573,S14573,Olivia
9580,S09580,杨琳颖
16766,S16766,姜艳
16766,S16766,姜艳
16766,S16766,姜艳
3077,S03077,赵慧芳
3077,S03077,赵慧芳
14931,S14931,曹芳
12216,S12216,施颖
12216,S12216,施颖
19955,S19955,魏倩欣
5472,S05472,魏斌
5472,S05472,魏斌
9506,S09506,Ava
13922,S13922,沈萍静
13922,S13922,沈萍静
6925,S06925,钱超
5545,S05545,严燕娜
5545,S05545,严燕娜
8599,S08599,卫媛
8599,S08599,卫媛
8599,S08599,卫媛
6282,S06282,秦敏敏
6282,S06282,秦敏敏
6282,S06282,秦敏敏
16679,S16679,Mia
991,S00991,钱芳
991,S00991,钱芳
8041,S08041,韩勇峰
8041,S08041,韩勇峰
8041,S08041,韩勇峰
17656,S17656,张军
17656,S17656,张军
19037,S19037,王琳
49,S00049,韩勇
49,S00049,韩勇
5223,S05223,Isabella
5223,S05223,Isabella
5223,S05223,Isabella
13588,S13588,陈敏
13588,S13588,陈敏
4828,S04828,严静
4828,S04828,严静
6026,S06026,陶琳
19657,S19657,王军
15476,S15476,Isabella
19553,S19553,朱凯
19553,S19553,朱凯
19553,S19553,朱凯
8153,S08153,姜超
8153,S08153,姜超
8153,S08153,姜超
9060,S09060,陈皓
9060,S09060,陈皓
4991,S04991,Olivia
12491,S12491,吕涛
9298,S09298,Sophia
9298,S09298,Sophia
9298,S09298,Sophia
2383,S02383,朱军
2383,S02383,朱军
6199,S06199,金艳
6199,S06199,金艳
6199,S06199,金艳
6139,S06139,尤琳
6139,S06139,尤琳
3980,S03980,张敏丽
19646,S19646,赵丹雪
19646,S19646,赵丹雪
19646,S19646,赵丹雪
7434,S07434,秦媛
6690,S06690,卫媛芳
4992,S04992,郑雪
4992,S04992,郑雪
13131,S13131,曹洋晨
13131,S13131,曹洋晨
13131,S13131,曹洋晨
93,S00093,孙丹
10920,S10920,华杰
10920,S10920,华杰
10920,S10920,华杰
10920,S10920,华杰
8443,S08443,褚倩
17517,S17517,姜昊鹏
17517,S17517,姜昊鹏
15442,S15442,施杰
15442,S15442,施杰
15839,S15839,赵晨伟
15839,S15839,赵晨伟
15839,S15839,赵晨伟
11525,S11525,何洋
2592,S02592,许倩
414,S00414,韩丹丽
414,S00414,韩丹丽
414,S00414,韩丹丽
14332,S14332,曹杰浩
14332,S14332,曹杰浩
14332,S14332,曹杰浩
1820,S01820,周鹏皓
1820,S01820,周鹏皓
1820,S01820,周鹏皓
1820,S01820,周鹏皓
16622,S16622,严丽雅
16622,S16622,严丽雅
16622,S16622,严丽雅
16622,S16622,严丽雅
1396,S01396,孙静琳
3287,S03287,吕丽
3287,S03287,吕丽
11238,S11238,许鹏斌
19683,S19683,何丽
19683,S19683,何丽
231,S00231,蒋婷颖
8935,S08935,郑敏
7993,S07993,何军
7993,S07993,何军
18883,S18883,吕军
18883,S18883,吕军
18883,S18883,吕军
18883,S18883,吕军
92,S00092,孙鑫
13151,S13151,金博洋
13151,S13151,金博洋
2876,S02876,褚欣洁
3877,S03877,曹鹏晨
19935,S19935,张丽
19935,S19935,张丽
15320,S15320,陶丹
17481,S17481,陶斌
18248,S18248,杨敏
13384,S13384,吴慧静
13816,S13816,王婷洁
13816,S13816,王婷洁
17256,S17256,陈皓
17256,S17256,陈皓
12302,S12302,王丹颖
12302,S12302,王丹颖
12302,S12302,王丹颖
2621,S02621,冯昊
13260,S13260,李丹
13260,S13260,李丹
10818,S10818,何超
10818,S10818,何超
2908,S02908,尤婷慧
2908,S02908,尤婷慧
3287,S03287,吕丽
3287,S03287,吕丽
838,S00838,赵洁琳
8807,S08807,秦鹏超
12748,S12748,魏媛
18627,S18627,许宇
9750,S09750,蒋燕
18821,S18821,杨鹏
9104,S09104,钱宇
9104,S09104,钱宇
1128,S01128,陶静
7095,S07095,周浩
7095,S07095,周浩
7290,S07290,孔伟
7290,S07290,孔伟
2401,S02401,Isabella
5354,S05354,钱雪倩
9508,S09508,金勇
8371,S08371,褚洋
10027,S10027,Liam
12677,S12677,金娜
14576,S14576,赵艳
14123,S14123,Mia
17074,S17074,秦琪
1885,S01885,李丽慧
2268,S02268,冯峰浩
2268,S02268,冯峰浩
18954,S18954,何慧
1386,S01386,郑琪
18467,S18467,孙雪
18467,S18467,孙雪
15069,S15069,赵慧
15069,S15069,赵慧
123,S00123,孙洋
123,S00123,孙洋
13777,S13777,Sophia
8938,S08938,韩凯
8938,S08938,韩凯
19444,S19444,Ava
1305,S01305,秦静
1305,S01305,秦静
2174,S02174,陶伟涛
2174,S02174,陶伟涛
19041,S19041,何洋鹏
19041,S19041,何洋鹏
10937,S10937,Ethan
11088,S11088,卫静
3069,S03069,冯丹芳
3357,S03357,沈磊
3357,S03357,沈磊
10628,S10628,严雪
14758,S14758,吕萍萍
13972,S13972,周涛
13972,S13972,周涛
13972,S13972,周涛
10464,S10464,陶超
10464,S10464,陶超
19082,S19082,杨杰
19082,S19082,杨杰
14846,S14846,冯婷颖
5365,S05365,陶颖雅
5365,S05365,陶颖雅
8334,S08334,吕婷
8334,S08334,吕婷
9289,S09289,周凯强
15961,S15961,尤娜
15961,S15961,尤娜
1921,S01921,蒋磊磊
13563,S13563,冯倩
13563,S13563,冯倩
5700,S05700,魏航
4196,S04196,姜婷欣
7216,S07216,吴芳
2373,S02373,Mia
2373,S02373,Mia
7234,S07234,尤博
9964,S09964,何敏
5988,S05988,姜颖
5988,S05988,姜颖
14376,S14376,张军
8610,S08610,Ava
8610,S08610,Ava
27,S00027,赵琳
7905,S07905,姜军航
7905,S07905,姜军航
16944,S16944,郑斌
16944,S16944,郑斌
459,S00459,吕倩琳
459,S00459,吕倩琳
7992,S07992,孔昊
7500,S07500,施凯
7500,S07500,施凯
17975,S17975,韩斌
17975,S17975,韩斌
17956,S17956,陶静
17956,S17956,陶静
17956,S17956,陶静
1226,S01226,严昊
5950,S05950,严皓
5950,S05950,严皓
9780,S09780,周倩静
9780,S09780,周倩静
9780,S09780,周倩静
5699,S05699,朱丽慧
15519,S15519,秦磊伟
12784,S12784,Noah
9456,S09456,曹晨
19413,S19413,尤洁
19413,S19413,尤洁
19413,S19413,尤洁
3385,S03385,姜凯
3385,S03385,姜凯
9393,S09393,何颖
9393,S09393,何颖
17644,S17644,王艳
17644,S17644,王艳
959,S00959,杨博浩
15453,S15453,郑斌
4321,S04321,吴婷
9761,S09761,周涛
9761,S09761,周涛
18766,S18766,严鑫
18766,S18766,严鑫
18766,S18766,严鑫
2620,S02620,钱斌
2620,S02620,钱斌
13555,S13555,Isabella
18047,S18047,杨涛
18047,S18047,杨涛
3637,S03637,金皓
3637,S03637,金皓
19716,S19716,吴婷
19716,S19716,吴婷
3291,S03291,施颖
2036,S02036,秦静
2036,S02036,秦静
818,S00818,华雪媛
6574,S06574,严强皓
6574,S06574,严强皓
6574,S06574,严强皓
6663,S06663,李杰
17066,S17066,孔涛
9802,S09802,冯欣
11416,S11416,李晨超
11416,S11416,李晨超
11416,S11416,李晨超
19362,S19362,魏艳
14794,S14794,冯皓
14794,S14794,冯皓
254,S00254,朱艳燕
254,S00254,朱艳燕
254,S00254,朱艳燕
254,S00254,朱艳燕
43,S00043,卫博
43,S00043,卫博
1280,S01280,卫浩超
12225,S12225,冯晨军
975,S00975,Lucas
975,S00975,Lucas
10911,S10911,周凯博
10911,S10911,周凯博
16711,S16711,孔博
7451,S07451,王静慧
5022,S05022,张超
5022,S05022,张超
18356,S18356,Ethan
9874,S09874,严雪
9874,S09874,严雪
301,S00301,李强
6968,S06968,曹芳
6968,S06968,曹芳
2707,S02707,金峰
2707,S02707,金峰
7559,S07559,吴杰皓
7559,S07559,吴杰皓
7559,S07559,吴杰皓
3877,S03877,曹鹏晨
2432,S02432,孙芳
3733,S03733,魏雅
3733,S03733,魏雅
3733,S03733,魏雅
3733,S03733,魏雅
8065,S08065,朱鑫
11293,S11293,孙雪
16285,S16285,赵洁
18683,S18683,沈倩
4736,S04736,郑琪
4736,S04736,郑琪
4736,S04736,郑琪
4736,S04736,郑琪
11976,S11976,Emma
4526,S04526,钱航鹏
4526,S04526,钱航鹏
14447,S14447,郑颖静
4294,S04294,施军
16170,S16170,Sophia
16170,S16170,Sophia
11303,S11303,杨峰洋
11303,S11303,杨峰洋
6673,S06673,孙芳
14574,S14574,孔婷
16496,S16496,陈航
16496,S16496,陈航
2813,S02813,张敏
18427,S18427,周雅
1600,S01600,杨媛
1600,S01600,杨媛
16699,S16699,Isabella
16679,S16679,Mia
10169,S10169,褚鹏
10169,S10169,褚鹏
1184,S01184,钱倩洁
1184,S01184,钱倩洁
1184,S01184,钱倩洁
3498,S03498,陈颖欣
3498,S03498,陈颖欣
12630,S12630,姜峰斌
1367,S01367,陈超
1367,S01367,陈超
6797,S06797,Liam
11397,S11397,吴航
11397,S11397,吴航
12210,S12210,吕丹慧
12210,S12210,吕丹慧
15393,S15393,杨媛
15393,S15393,杨媛
3549,S03549,Ethan
13623,S13623,吴娜
5038,S05038,Ethan
1888,S01888,Ethan
1888,S01888,Ethan
12288,S12288,陶静
12288,S12288,陶静
12288,S12288,陶静
10528,S10528,卫峰军
6843,S06843,郑敏
6843,S06843,郑敏
16713,S16713,吕晨
16713,S16713,吕晨
15340,S15340,姜勇军
18478,S18478,施芳
9928,S09928,魏雅
1363,S01363,Emma
1363,S01363,Emma
17467,S17467,韩静
4069,S04069,Isabella
18358,S18358,郑超晨
18358,S18358,郑超晨
6929,S06929,尤雅
18429,S18429,姜琳敏
18429,S18429,姜琳敏
1567,S01567,Emma
1567,S01567,Emma
16495,S16495,杨磊鹏
11591,S11591,Isabella
11591,S11591,Isabella
11591,S11591,Isabella
10314,S10314,何涛
4998,S04998,蒋博磊
4998,S04998,蒋博磊
4998,S04998,蒋博磊
123,S00123,孙洋
123,S00123,孙洋
2143,S02143,王芳
2143,S02143,王芳
2015,S02015,韩皓
2015,S02015,韩皓
8902,S08902,华晨
399,S00399,孙涛
399,S00399,孙涛
3492,S03492,秦昊昊
3385,S03385,姜凯
3385,S03385,姜凯
2423,S02423,孔航
11689,S11689,华超
11689,S11689,华超
11223,S11223,李琳颖
15652,S15652,钱艳
18611,S18611,沈鹏
14012,S14012,朱芳
14012,S14012,朱芳
14012,S14012,朱芳
2565,S02565,吕丹萍
2565,S02565,吕丹萍
7505,S07505,Sophia
6161,S06161,Olivia
6161,S06161,Olivia
6161,S06161,Olivia
8619,S08619,沈欣
13130,S13130,陶媛
13130,S13130,陶媛
3332,S03332,赵洁丹
10707,S10707,秦敏
13609,S13609,郑磊宇
8271,S08271,赵敏
4567,S04567,Liam
7571,S07571,褚晨
7571,S07571,褚晨
7571,S07571,褚晨
9929,S09929,Lucas
18374,S18374,吴娜
4093,S04093,蒋丹
4579,S04579,金军
4579,S04579,金军
6214,S06214,严丽
6214,S06214,严丽
13185,S13185,孔洋
17049,S17049,褚峰皓
17049,S17049,褚峰皓
17049,S17049,褚峰皓
19982,S19982,张丹
19982,S19982,张丹
19982,S19982,张丹
19982,S19982,张丹
13005,S13005,魏博鹏
13005,S13005,魏博鹏
13005,S13005,魏博鹏
11348,S11348,褚峰
11348,S11348,褚峰
11348,S11348,褚峰
15713,S15713,施敏
15174,S15174,Isabella
1005,S01005,尤敏
5445,S05445,吴慧丽
13986,S13986,许博
739,S00739,秦鹏
5250,S05250,尤宇
5250,S05250,尤宇
5250,S05250,尤宇
5250,S05250,尤宇
11910,S11910,金昊
11910,S11910,金昊
8388,S08388,郑浩
8388,S08388,郑浩
1563,S01563,曹杰
1563,S01563,曹杰
10561,S10561,何慧
10561,S10561,何慧
10561,S10561,何慧
17334,S17334,魏航
17334,S17334,魏航
17334,S17334,魏航
18782,S18782,吴静
18782,S18782,吴静
18782,S18782,吴静
18360,S18360,姜斌昊
18360,S18360,姜斌昊
13970,S13970,华丽
12251,S12251,秦芳
8283,S08283,李丹
8283,S08283,李丹
19016,S19016,蒋芳
1005,S01005,尤敏
9509,S09509,钱丽
9509,S09509,钱丽
902,S00902,许皓航
3114,S03114,张萍艳
119,S00119,Mia
119,S00119,Mia
14945,S14945,许航磊
17641,S17641,蒋雪
653,S00653,姜倩
11757,S11757,施强
16631,S16631,张强
16631,S16631,张强
16631,S16631,张强
19433,S19433,孙丹
10143,S10143,Noah
10143,S10143,Noah
10683,S10683,冯昊磊
10683,S10683,冯昊磊
17096,S17096,严静琳
256,S00256,钱欣
2307,S02307,卫超
8076,S08076,沈萍
19479,S19479,卫萍丽
8280,S08280,钱航
3616,S03616,严丽敏
13207,S13207,孙凯
13207,S13207,孙凯
16591,S16591,王颖艳
16283,S16283,曹洁媛
16283,S16283,曹洁媛
18095,S18095,褚婷
7148,S07148,何芳
7148,S07148,何芳
7148,S07148,何芳
838,S00838,赵洁琳
1418,S01418,Sophia
12866,S12866,褚萍
12866,S12866,褚萍
5248,S05248,郑峰磊
19566,S19566,魏燕燕
7763,S07763,张慧
145,S00145,尤斌勇
145,S00145,尤斌勇
10908,S10908,赵鹏
6283,S06283,赵杰
6283,S06283,赵杰
12356,S12356,李雅
12356,S12356,李雅
11050,S11050,魏昊
11050,S11050,魏昊
11050,S11050,魏昊
3415,S03415,沈丹
2201,S02201,何艳倩
3534,S03534,华鑫
1831,S01831,曹娜
19540,S19540,杨芳
19540,S19540,杨芳
19540,S19540,杨芳
639,S00639,王鑫
8213,S08213,Liam
15014,S15014,朱昊鑫
14870,S14870,金慧
10039,S10039,冯博
10039,S10039,冯博
10039,S10039,冯博
19621,S19621,施洁
16146,S16146,吕娜
16908,S16908,蒋涛强
348,S00348,周伟宇
4039,S04039,Sophia
8603,S08603,华慧
8603,S08603,华慧
8603,S08603,华慧
13073,S13073,蒋勇
648,S00648,钱凯
648,S00648,钱凯
39,S00039,杨琪媛
7410,S07410,朱静
2685,S02685,孙丽丹
10134,S10134,尤晨
5433,S05433,张鹏
9775,S09775,吕涛凯
5602,S05602,何博
5602,S05602,何博
3821,S03821,蒋丹
1861,S01861,曹雪
2322,S02322,朱洁
2322,S02322,朱洁
13718,S13718,吴琪艳
8370,S08370,陈萍雅
11010,S11010,陈强勇
4722,S04722,姜峰
4722,S04722,姜峰
4722,S04722,姜峰
14911,S14911,吴燕
14911,S14911,吴燕
12351,S12351,吴萍
19754,S19754,朱倩
5021,S05021,吕静
17303,S17303,尤强宇
7945,S07945,金雅
2036,S02036,秦静
2036,S02036,秦静
8270,S08270,张娜娜
8270,S08270,张娜娜
13563,S13563,冯倩
13563,S13563,冯倩
11541,S11541,陈静媛
11541,S11541,陈静媛
2054,S02054,赵欣
2054,S02054,赵欣
2508,S02508,郑勇
11590,S11590,施杰
11096,S11096,严鹏
11096,S11096,严鹏
19313,S19313,华雪琳
19313,S19313,华雪琳
17454,S17454,金萍媛
17454,S17454,金萍媛
17454,S17454,金萍媛
15084,S15084,钱雅
15084,S15084,钱雅
15084,S15084,钱雅
5493,S05493,孙萍
5223,S05223,Isabella
5223,S05223,Isabella
5223,S05223,Isabella
14177,S14177,秦丽
14177,S14177,秦丽
18386,S18386,施晨军
18386,S18386,施晨军
239,S00239,张峰
10834,S10834,冯琪
10834,S10834,冯琪
10834,S10834,冯琪
17393,S17393,曹博
17393,S17393,曹博
15150,S15150,严慧
15150,S15150,严慧
11287,S11287,吴慧
5350,S05350,朱博
3418,S03418,孙昊
15621,S15621,许斌
15621,S15621,许斌
19131,S19131,Mia
19131,S19131,Mia
9356,S09356,Mia
9356,S09356,Mia
12813,S12813,华雅燕
12813,S12813,华雅燕
12813,S12813,华雅燕
17521,S17521,卫洁
7336,S07336,何洋昊
4238,S04238,郑媛
4238,S04238,郑媛
2436,S02436,姜晨
2200,S02200,李丽
2200,S02200,李丽
9811,S09811,严军
6636,S06636,姜芳
6636,S06636,姜芳
9324,S09324,王宇
9324,S09324,王宇
14305,S14305,周萍琪
15679,S15679,陶晨
15679,S15679,陶晨
7335,S07335,周芳燕
1128,S01128,陶静
7111,S07111,华娜雪
7111,S07111,华娜雪
7111,S07111,华娜雪
7111,S07111,华娜雪
4969,S04969,吴颖
2269,S02269,钱洁
373,S00373,施琪婷
373,S00373,施琪婷
17954,S17954,金斌昊
17954,S17954,金斌昊
17954,S17954,金斌昊
8393,S08393,陶勇磊
8393,S08393,陶勇磊
2519,S02519,华浩勇
449,S00449,严艳
449,S00449,严艳
16237,S16237,Noah
1593,S01593,秦昊
1593,S01593,秦昊
1593,S01593,秦昊
1005,S01005,尤敏
17517,S17517,姜昊鹏
17517,S17517,姜昊鹏
5608,S05608,韩倩
5608,S05608,韩倩
10981,S10981,华琳琳
4659,S04659,孔静
4659,S04659,孔静
4659,S04659,孔静
3748,S03748,吴峰
5411,S05411,蒋娜雅
5411,S05411,蒋娜雅
10199,S10199,曹娜
12876,S12876,周凯
14989,S14989,华丹
5528,S05528,冯倩
13097,S13097,杨强
3391,S03391,姜娜
3391,S03391,姜娜
3877,S03877,曹鹏晨
12673,S12673,吴超
5454,S05454,周超
5454,S05454,周超
5454,S05454,周超
727,S00727,韩皓凯
727,S00727,韩皓凯
727,S00727,韩皓凯
13051,S13051,许萍
11821,S11821,魏静燕
3721,S03721,李婷
18889,S18889,吕洋凯
18878,S18878,吕杰
18878,S18878,吕杰
11234,S11234,王超宇
14643,S14643,陶昊
10030,S10030,赵昊
6035,S06035,Emma
9452,S09452,姜雪
9452,S09452,姜雪
9452,S09452,姜雪
17756,S17756,张鑫浩
9944,S09944,秦宇超
9944,S09944,秦宇超
18337,S18337,孙静
3108,S03108,吴萍
3108,S03108,吴萍
13407,S13407,孔娜
13407,S13407,孔娜
13407,S13407,孔娜
641,S00641,何军伟
641,S00641,何军伟
1530,S01530,周峰航
14244,S14244,孔媛
1152,S01152,施涛
1152,S01152,施涛
14262,S14262,魏琳
8817,S08817,许倩
13996,S13996,陈涛
19599,S19599,秦超
2837,S02837,王磊
4867,S04867,蒋雅
4867,S04867,蒋雅
13099,S13099,钱博勇
13099,S13099,钱博勇
13099,S13099,钱博勇
18998,S18998,朱芳
12181,S12181,杨倩颖
12181,S12181,杨倩颖
12181,S12181,杨倩颖
544,S00544,孙皓
544,S00544,孙皓
544,S00544,孙皓
544,S00544,孙皓
12049,S12049,王丽
12049,S12049,王丽
12049,S12049,王丽
4768,S04768,褚昊
19898,S19898,Mia
19898,S19898,Mia
12201,S12201,尤洋
12201,S12201,尤洋
2646,S02646,卫凯
15001,S15001,华艳
17294,S17294,赵涛
5005,S05005,韩宇
19550,S19550,尤雅
14271,S14271,沈媛
1028,S01028,赵燕
12324,S12324,冯军强
6703,S06703,褚洋
6703,S06703,褚洋
13595,S13595,姜媛
11986,S11986,魏燕
18764,S18764,Ethan
18764,S18764,Ethan
18764,S18764,Ethan
10872,S10872,褚洁
17688,S17688,张燕雪
8653,S08653,陶敏
10452,S10452,何媛
10452,S10452,何媛
10598,S10598,尤婷
10598,S10598,尤婷
10598,S10598,尤婷
13145,S13145,杨勇博
13145,S13145,杨勇博
13145,S13145,杨勇博
10345,S10345,吕浩超
10345,S10345,吕浩超
851,S00851,Mia
9645,S09645,李浩强
12610,S12610,蒋琳
12610,S12610,蒋琳
11675,S11675,蒋军
11675,S11675,蒋军
4838,S04838,严磊
1711,S01711,褚娜
1711,S01711,褚娜
14713,S14713,吴芳
7523,S07523,沈婷
7523,S07523,沈婷
16070,S16070,严静
3611,S03611,华静
3611,S03611,华静
3611,S03611,华静
16232,S16232,Mia
11170,S11170,韩强
11170,S11170,韩强
4014,S04014,何航
8361,S08361,沈欣
528,S00528,Ava
528,S00528,Ava
10363,S10363,施伟航
10363,S10363,施伟航
19087,S19087,严丽
14616,S14616,孔婷婷
6216,S06216,王静欣
16308,S16308,秦媛
16308,S16308,秦媛
2050,S02050,陈强
6529,S06529,魏婷燕
4897,S04897,张昊斌
4159,S04159,郑昊
4159,S04159,郑昊
19811,S19811,韩艳丹
2463,S02463,沈航
2463,S02463,沈航
6988,S06988,何强
6988,S06988,何强
6405,S06405,何宇
3827,S03827,孙涛
3827,S03827,孙涛
18257,S18257,郑琳萍
18257,S18257,郑琳萍
18257,S18257,郑琳萍
829,S00829,尤静
17279,S17279,郑艳
15459,S15459,蒋洋皓
15459,S15459,蒋洋皓
15459,S15459,蒋洋皓
16404,S16404,冯昊强
12782,S12782,Ava
12782,S12782,Ava
12782,S12782,Ava
19799,S19799,陶芳
12172,S12172,Ava
1131,S01131,吕娜
1131,S01131,吕娜
9686,S09686,吴琳
9378,S09378,Emma
9378,S09378,Emma
10025,S10025,韩晨
9066,S09066,Olivia
9915,S09915,郑军
9915,S09915,郑军
9915,S09915,郑军
16601,S16601,李雅
14955,S14955,孙浩
6103,S06103,何琪
6103,S06103,何琪
3857,S03857,蒋军
3857,S03857,蒋军
11577,S11577,严浩
124,S00124,魏涛
8568,S08568,Mia
8568,S08568,Mia
7591,S07591,曹芳丹
7591,S07591,曹芳丹
8456,S08456,曹晨
8456,S08456,曹晨
6870,S06870,Isabella
6870,S06870,Isabella
5123,S05123,郑雪雅
5123,S05123,郑雪雅
5949,S05949,孙艳欣
12925,S12925,冯宇
12925,S12925,冯宇
12925,S12925,冯宇
12925,S12925,冯宇
5940,S05940,沈丹
5940,S05940,沈丹
18084,S18084,严洋
18084,S18084,严洋
19825,S19825,何媛雪
19825,S19825,何媛雪
11492,S11492,严丽
11947,S11947,郑博
886,S00886,李欣
1068,S01068,金静丹
240,S00240,冯欣
17489,S17489,卫鑫宇
17489,S17489,卫鑫宇
12661,S12661,Ava
4627,S04627,沈萍静
4627,S04627,沈萍静
17466,S17466,何雪
17466,S17466,何雪
12915,S12915,褚鑫
12915,S12915,褚鑫
18692,S18692,赵凯
18692,S18692,赵凯
2911,S02911,许勇晨
2911,S02911,许勇晨
2911,S02911,许勇晨
2911,S02911,许勇晨
8599,S08599,卫媛
8599,S08599,卫媛
8599,S08599,卫媛
12165,S12165,沈艳
13223,S13223,陈颖
3925,S03925,卫超
3925,S03925,卫超
9753,S09753,孔昊博
9332,S09332,孙涛
4238,S04238,郑媛
4238,S04238,郑媛
14802,S14802,Noah
14802,S14802,Noah
1366,S01366,何凯斌
1366,S01366,何凯斌
1366,S01366,何凯斌
1105,S01105,金雪
5354,S05354,钱雪倩
9577,S09577,沈宇
11359,S11359,严艳
11359,S11359,严艳
15908,S15908,施博浩
6705,S06705,Sophia
6705,S06705,Sophia
3387,S03387,吕雅
18748,S18748,王航
18748,S18748,王航
18748,S18748,王航
18748,S18748,王航
11546,S11546,Liam
10901,S10901,曹强
10901,S10901,曹强
4396,S04396,秦颖
14375,S14375,卫静
19230,S19230,褚洋超
19536,S19536,卫斌
19536,S19536,卫斌
19536,S19536,卫斌
9314,S09314,李博军
8690,S08690,吴伟
19208,S19208,赵洁
19208,S19208,赵洁
19208,S19208,赵洁
14760,S14760,沈航
6619,S06619,Emma
6619,S06619,Emma
7887,S07887,尤磊鑫
6140,S06140,Mia
18294,S18294,王昊皓
18294,S18294,王昊皓
13588,S13588,陈敏
13588,S13588,陈敏
1770,S01770,尤斌
1770,S01770,尤斌
5201,S05201,王浩
5201,S05201,王浩
2248,S02248,钱艳倩
802,S00802,王勇
802,S00802,王勇
802,S00802,王勇
18085,S18085,陈敏丹
18085,S18085,陈敏丹
1434,S01434,华敏
1434,S01434,华敏
7117,S07117,Mia
7117,S07117,Mia
81,S00081,周颖
81,S00081,周颖
13509,S13509,李雅芳
8946,S08946,华艳
9798,S09798,陶宇
9798,S09798,陶宇
5456,S05456,孔军
14538,S14538,张斌
12721,S12721,姜婷敏
4560,S04560,许博
6088,S06088,秦航鑫
6088,S06088,秦航鑫
8844,S08844,郑航
8017,S08017,周敏颖
8017,S08017,周敏颖
8701,S08701,吕丹琳
8701,S08701,吕丹琳
19142,S19142,Olivia
19142,S19142,Olivia
18405,S18405,魏敏
11554,S11554,Emma
13472,S13472,孔洁雅
13472,S13472,孔洁雅
13472,S13472,孔洁雅
3270,S03270,Olivia
3270,S03270,Olivia
12259,S12259,蒋勇
7335,S07335,周芳燕
15592,S15592,吕晨磊
14066,S14066,魏磊宇
14066,S14066,魏磊宇
12004,S12004,施艳燕
18016,S18016,何媛
18016,S18016,何媛
8158,S08158,施芳
8158,S08158,施芳
1418,S01418,Sophia
4771,S04771,Ethan
14901,S14901,张静
4178,S04178,何雅
18246,S18246,沈皓
18246,S18246,沈皓
4958,S04958,钱丹
4958,S04958,钱丹
13537,S13537,杨浩
13537,S13537,杨浩
2200,S02200,李丽
2200,S02200,李丽
5742,S05742,陈媛
5742,S05742,陈媛
16637,S16637,韩鑫
12674,S12674,卫凯军
8813,S08813,韩萍雅
4584,S04584,华伟鑫
4584,S04584,华伟鑫
9406,S09406,金琪
9406,S09406,金琪
19564,S19564,Ava
7901,S07901,钱媛
5272,S05272,沈洁
5272,S05272,沈洁
13750,S13750,秦娜
1697,S01697,褚鹏
1146,S01146,Ava
1146,S01146,Ava
19806,S19806,杨慧
19806,S19806,杨慧
19806,S19806,杨慧
6905,S06905,姜伟
6905,S06905,姜伟
8296,S08296,严琪
8296,S08296,严琪
13353,S13353,钱凯
3843,S03843,吴勇
15399,S15399,秦强
15399,S15399,秦强
10474,S10474,赵丽
10474,S10474,赵丽
6206,S06206,赵芳静
6206,S06206,赵芳静
6206,S06206,赵芳静
16982,S16982,孙艳媛
11284,S11284,陈晨
11284,S11284,陈晨
15890,S15890,施斌
17257,S17257,姜博强
17257,S17257,姜博强
17656,S17656,张军
17656,S17656,张军
7612,S07612,杨杰航
7363,S07363,何雪
3287,S03287,吕丽
3287,S03287,吕丽
17189,S17189,钱强
17189,S17189,钱强
17189,S17189,钱强
5572,S05572,杨慧欣
5572,S05572,杨慧欣
6800,S06800,陶航晨
2961,S02961,李燕
2961,S02961,李燕
10232,S10232,张磊军
1972,S01972,周鑫
12764,S12764,冯欣
3406,S03406,Ava
3406,S03406,Ava
4396,S04396,秦颖
12744,S12744,陈丹
12744,S12744,陈丹
12744,S12744,陈丹
11442,S11442,周雅
8333,S08333,朱勇
5622,S05622,杨欣
5622,S05622,杨欣
5622,S05622,杨欣
7288,S07288,曹皓
7288,S07288,曹皓
18447,S18447,华洁
18447,S18447,华洁
18447,S18447,华洁
18447,S18447,华洁
19674,S19674,姜宇
19674,S19674,姜宇
13484,S13484,李雪雅
13484,S13484,李雪雅
13484,S13484,李雪雅
1705,S01705,陶艳洁
9469,S09469,华强
4093,S04093,蒋丹
16521,S16521,吕杰
3463,S03463,严芳
3463,S03463,严芳
3463,S03463,严芳
19473,S19473,陈凯宇
19191,S19191,周丹
13179,S13179,韩丽
14457,S14457,韩强昊
1683,S01683,孔勇
4899,S04899,姜娜颖
4899,S04899,姜娜颖
12633,S12633,褚磊
12633,S12633,褚磊
12633,S12633,褚磊
12017,S12017,钱皓
10283,S10283,郑勇
10496,S10496,冯晨鹏
13750,S13750,秦娜
3618,S03618,吴洁琳
3618,S03618,吴洁琳
2186,S02186,陈鑫洋
17501,S17501,赵媛
17501,S17501,赵媛
5395,S05395,尤雪婷
17363,S17363,钱洁
17363,S17363,钱洁
15245,S15245,金慧雪
17356,S17356,周颖
17356,S17356,周颖
716,S00716,尤雪
716,S00716,尤雪
14569,S14569,郑慧
14569,S14569,郑慧
14569,S14569,郑慧
19550,S19550,尤雅
4683,S04683,褚丹
4683,S04683,褚丹
13005,S13005,魏博鹏
13005,S13005,魏博鹏
13005,S13005,魏博鹏
6056,S06056,褚丽
6056,S06056,褚丽
141,S00141,张雪婷
141,S00141,张雪婷
16404,S16404,冯昊强
12393,S12393,Ethan
18283,S18283,陈燕
12201,S12201,尤洋
12201,S12201,尤洋
277,S00277,华超强
8232,S08232,郑凯晨
8232,S08232,郑凯晨
8229,S08229,Emma
8229,S08229,Emma
8229,S08229,Emma
467,S00467,姜博
826,S00826,周颖娜
826,S00826,周颖娜
826,S00826,周颖娜
7255,S07255,华婷
9945,S09945,沈芳
9945,S09945,沈芳
4494,S04494,华琪萍
4494,S04494,华琪萍
5202,S05202,何敏琳
3933,S03933,陶涛鹏
745,S00745,孙浩
745,S00745,孙浩
745,S00745,孙浩
12981,S12981,严军
12981,S12981,严军
12637,S12637,周媛琪
12637,S12637,周媛琪
11898,S11898,严浩
11898,S11898,严浩
438,S00438,钱芳
438,S00438,钱芳
12093,S12093,秦婷艳
12093,S12093,秦婷艳
12093,S12093,秦婷艳
16711,S16711,孔博
19594,S19594,褚欣
8335,S08335,许洁
8335,S08335,许洁
8335,S08335,许洁
8335,S08335,许洁
8335,S08335,许洁
11117,S11117,Mia
13992,S13992,孙峰
13913,S13913,吕娜洁
1697,S01697,褚鹏
8204,S08204,何勇
15346,S15346,褚晨
15346,S15346,褚晨
5948,S05948,张琳
15560,S15560,赵雪
2238,S02238,周博晨
18361,S18361,金杰
18361,S18361,金杰
9202,S09202,尤丹
9202,S09202,尤丹
9602,S09602,王燕
7117,S07117,Mia
7117,S07117,Mia
14560,S14560,蒋勇
14560,S14560,蒋勇
3021,S03021,蒋皓
7547,S07547,Noah
7547,S07547,Noah
4733,S04733,郑静
13607,S13607,曹航皓
13607,S13607,曹航皓
2532,S02532,许欣
15613,S15613,Liam
13620,S13620,何芳
14241,S14241,周鹏
2741,S02741,冯琪
2741,S02741,冯琪
4711,S04711,陶娜
14381,S14381,王婷
16315,S16315,姜颖
16315,S16315,姜颖
4946,S04946,何鹏昊
17691,S17691,金慧
11491,S11491,施皓凯
6510,S06510,王敏
3752,S03752,孔勇
18005,S18005,王娜
18005,S18005,王娜
19672,S19672,孙磊
18242,S18242,许丹
18242,S18242,许丹
11473,S11473,金伟斌
5173,S05173,曹鑫皓
5173,S05173,曹鑫皓
2384,S02384,姜艳
2384,S02384,姜艳
17968,S17968,Emma
934,S00934,陈琳
934,S00934,陈琳
19181,S19181,华静
19181,S19181,华静
19181,S19181,华静
18690,S18690,尤媛芳
5127,S05127,曹琪
18654,S18654,Ethan
3969,S03969,孔颖
3969,S03969,孔颖
15639,S15639,杨博
15639,S15639,杨博
2691,S02691,周艳敏
13614,S13614,郑欣
2126,S02126,杨静敏
2769,S02769,华颖
2769,S02769,华颖
10756,S10756,魏倩慧
10756,S10756,魏倩慧
16457,S16457,王婷
11228,S11228,孙娜
1944,S01944,王雪
17139,S17139,严倩
17139,S17139,严倩
17139,S17139,严倩
18146,S18146,严斌
18146,S18146,严斌
16589,S16589,卫凯
16589,S16589,卫凯
13670,S13670,陈浩昊
13670,S13670,陈浩昊
18855,S18855,Mia
7305,S07305,王静芳
17879,S17879,赵峰
17879,S17879,赵峰
17879,S17879,赵峰
11956,S11956,许军
12487,S12487,吴鹏杰
14791,S14791,Sophia
14791,S14791,Sophia
14791,S14791,Sophia
7184,S07184,Sophia
7184,S07184,Sophia
14045,S14045,卫涛
15922,S15922,李燕
15922,S15922,李燕
15922,S15922,李燕
8385,S08385,Ava
293,S00293,许雅
13418,S13418,何洁
13418,S13418,何洁
11003,S11003,严晨
16671,S16671,华超鑫
6355,S06355,Ava
6355,S06355,Ava
6120,S06120,赵欣
6545,S06545,施洋
6545,S06545,施洋
373,S00373,施琪婷
373,S00373,施琪婷
2769,S02769,华颖
2769,S02769,华颖
16389,S16389,韩皓
18101,S18101,秦欣芳
18101,S18101,秦欣芳
5374,S05374,Emma
5374,S05374,Emma
14858,S14858,许涛
9195,S09195,许峰
9195,S09195,许峰
9195,S09195,许峰
5810,S05810,曹强宇
5810,S05810,曹强宇
19533,S19533,Sophia
4431,S04431,李斌
4431,S04431,李斌
4431,S04431,李斌
19667,S19667,华强
19667,S19667,华强
8836,S08836,杨琳
8836,S08836,杨琳
13102,S13102,Sophia
13102,S13102,Sophia
13102,S13102,Sophia
1269,S01269,严浩
2551,S02551,尤军鑫
2551,S02551,尤军鑫
2551,S02551,尤军鑫
3787,S03787,陶博
235,S00235,许强
235,S00235,许强
235,S00235,许强
12707,S12707,李敏
12707,S12707,李敏
12707,S12707,李敏
12707,S12707,李敏
12425,S12425,何涛
12425,S12425,何涛
257,S00257,钱强磊
257,S00257,钱强磊
257,S00257,钱强磊
257,S00257,钱强磊
257,S00257,钱强磊
14451,S14451,孔洋
6087,S06087,吴洁
6087,S06087,吴洁
17268,S17268,李超
15643,S15643,华军
10405,S10405,卫鹏航
163,S00163,秦超
972,S00972,吴强
16230,S16230,许航
6987,S06987,韩超
6987,S06987,韩超
391,S00391,朱超鑫
12314,S12314,褚皓
12314,S12314,褚皓
19948,S19948,Liam
19948,S19948,Liam
13038,S13038,曹洋
13038,S13038,曹洋
11611,S11611,魏洁
11611,S11611,魏洁
19870,S19870,陶皓
19870,S19870,陶皓
851,S00851,Mia
6600,S06600,杨磊航
2666,S02666,姜燕
12787,S12787,Isabella
12787,S12787,Isabella
4951,S04951,陈倩
4951,S04951,陈倩
8280,S08280,钱航
15768,S15768,魏媛
12113,S12113,严颖丹
17939,S17939,魏峰
2415,S02415,严超
19163,S19163,周晨
11577,S11577,严浩
7381,S07381,冯昊
7381,S07381,冯昊
7381,S07381,冯昊
7381,S07381,冯昊
18151,S18151,吴涛
18151,S18151,吴涛
18151,S18151,吴涛
215,S00215,张娜
215,S00215,张娜
8847,S08847,许浩勇
3138,S03138,魏凯
6846,S06846,施颖
6846,S06846,施颖
6846,S06846,施颖
12003,S12003,郑峰
7615,S07615,卫浩
15222,S15222,李宇
15222,S15222,李宇
14116,S14116,何雅静
14116,S14116,何雅静
8026,S08026,蒋涛
8026,S08026,蒋涛
16153,S16153,钱军
17646,S17646,许芳芳
17646,S17646,许芳芳
17646,S17646,许芳芳
17646,S17646,许芳芳
1479,S01479,陶宇涛
11804,S11804,华倩萍
17982,S17982,Sophia
10514,S10514,曹燕婷
10514,S10514,曹燕婷
15873,S15873,郑宇
16334,S16334,Emma
16334,S16334,Emma
16334,S16334,Emma
8907,S08907,褚欣
15419,S15419,王娜雅
5123,S05123,郑雪雅
5123,S05123,郑雪雅
16710,S16710,冯浩晨
16710,S16710,冯浩晨
15643,S15643,华军
6744,S06744,何丹
6744,S06744,何丹
3656,S03656,姜洋
3656,S03656,姜洋
2676,S02676,华倩
2676,S02676,华倩
14692,S14692,姜萍
14692,S14692,姜萍
15773,S15773,魏鹏
8467,S08467,钱勇浩
18738,S18738,金芳萍
18738,S18738,金芳萍
5653,S05653,陈斌峰
5653,S05653,陈斌峰
15794,S15794,曹芳
15794,S15794,曹芳
19904,S19904,蒋萍
2076,S02076,钱航
2076,S02076,钱航
6834,S06834,蒋磊
6834,S06834,蒋磊
6834,S06834,蒋磊
18096,S18096,张雅燕
12610,S12610,蒋琳
12610,S12610,蒋琳
6811,S06811,金浩勇
9406,S09406,金琪
9406,S09406,金琪
15709,S15709,许博
15709,S15709,许博
18020,S18020,Olivia
4479,S04479,周琳
10815,S10815,郑芳
8796,S08796,赵洁
2736,S02736,Ethan
5901,S05901,陶超
5901,S05901,陶超
5901,S05901,陶超
11719,S11719,华杰博
18588,S18588,严艳
18588,S18588,严艳
18588,S18588,严艳
14780,S14780,施鑫
14780,S14780,施鑫
5221,S05221,郑昊
8877,S08877,Mia
8877,S08877,Mia
8877,S08877,Mia
2103,S02103,施伟
19890,S19890,陈涛
16393,S16393,Sophia
16393,S16393,Sophia
8876,S08876,李萍琳
8876,S08876,李萍琳
4504,S04504,张婷慧
4060,S04060,赵鑫
4060,S04060,赵鑫
4060,S04060,赵鑫
16772,S16772,张博
16772,S16772,张博
16772,S16772,张博
16772,S16772,张博
2058,S02058,朱昊超
1554,S01554,陶伟
1554,S01554,陶伟
961,S00961,王媛雪
961,S00961,王媛雪
14962,S14962,孔勇
14962,S14962,孔勇
14962,S14962,孔勇
1500,S01500,冯燕
15996,S15996,Isabella
15996,S15996,Isabella
5797,S05797,褚颖颖
5797,S05797,褚颖颖
5792,S05792,魏昊
13221,S13221,冯颖
13221,S13221,冯颖
7423,S07423,金伟
7423,S07423,金伟
12828,S12828,秦芳
12414,S12414,褚艳
12414,S12414,褚艳
12313,S12313,尤敏
12313,S12313,尤敏
12313,S12313,尤敏
1988,S01988,许勇
8791,S08791,王萍
6558,S06558,赵颖婷
1252,S01252,金倩
18523,S18523,秦博皓
9263,S09263,秦媛
9263,S09263,秦媛
4146,S04146,严磊宇
4146,S04146,严磊宇
145,S00145,尤斌勇
145,S00145,尤斌勇
17874,S17874,钱涛
17874,S17874,钱涛
10668,S10668,秦斌涛
12140,S12140,姜军
12140,S12140,姜军
12140,S12140,姜军
14345,S14345,冯浩
11305,S11305,姜芳欣
13684,S13684,蒋鑫
13684,S13684,蒋鑫
2639,S02639,吕强
2639,S02639,吕强
2639,S02639,吕强
18472,S18472,孙慧倩
18472,S18472,孙慧倩
6137,S06137,魏晨强
6137,S06137,魏晨强
16718,S16718,秦杰
16718,S16718,秦杰
4974,S04974,张博凯
4974,S04974,张博凯
2973,S02973,钱鹏
2973,S02973,钱鹏
18495,S18495,金娜
18495,S18495,金娜
7924,S07924,金洋磊
7924,S07924,金洋磊
15246,S15246,李皓
8404,S08404,沈伟
2890,S02890,沈航
2890,S02890,沈航
3125,S03125,陶丽
19337,S19337,吴媛
19337,S19337,吴媛
19337,S19337,吴媛
19337,S19337,吴媛
17231,S17231,Emma
6834,S06834,蒋磊
6834,S06834,蒋磊
6834,S06834,蒋磊
7836,S07836,何凯
7836,S07836,何凯
7836,S07836,何凯
14078,S14078,卫萍
3954,S03954,姜雪
3954,S03954,姜雪
4873,S04873,许宇
4873,S04873,许宇
19708,S19708,王晨
900,S00900,朱超浩
900,S00900,朱超浩
900,S00900,朱超浩
9162,S09162,韩媛娜
9162,S09162,韩媛娜
9162,S09162,韩媛娜
6200,S06200,孙宇涛
7679,S07679,许芳
7679,S07679,许芳
7941,S07941,金昊
3625,S03625,朱欣
3625,S03625,朱欣
3625,S03625,朱欣
3625,S03625,朱欣
13856,S13856,孙萍
13856,S13856,孙萍
13856,S13856,孙萍
8734,S08734,卫昊凯
990,S00990,Ethan
990,S00990,Ethan
990,S00990,Ethan
5353,S05353,韩鹏峰
5353,S05353,韩鹏峰
4432,S04432,姜琪
9159,S09159,郑婷
9159,S09159,郑婷
6304,S06304,曹峰
14934,S14934,姜婷
14934,S14934,姜婷
3765,S03765,Olivia
6557,S06557,孔伟
6284,S06284,郑丹
14332,S14332,曹杰浩
14332,S14332,曹杰浩
14332,S14332,曹杰浩
12631,S12631,蒋丹
12631,S12631,蒋丹
4417,S04417,沈强
12818,S12818,李皓强
12818,S12818,李皓强
423,S00423,金勇
70,S00070,钱燕雪
182,S00182,蒋宇昊
16027,S16027,蒋艳琳
17382,S17382,郑倩
17382,S17382,郑倩
18880,S18880,施晨
1362,S01362,陶娜
3927,S03927,张静
9553,S09553,Lucas
10446,S10446,王超
10446,S10446,王超
16260,S16260,秦艳
2111,S02111,Olivia
1534,S01534,褚勇
1534,S01534,褚勇
1534,S01534,褚勇
13326,S13326,秦雪静
13326,S13326,秦雪静
13229,S13229,郑鹏
3847,S03847,Emma
14046,S14046,李丹
8987,S08987,许琳
8987,S08987,许琳
4263,S04263,王峰
4263,S04263,王峰
13643,S13643,孔洋凯
13643,S13643,孔洋凯
18680,S18680,严静
13782,S13782,金敏
7102,S07102,陶静
11676,S11676,Ethan
6727,S06727,曹倩洁
10663,S10663,魏芳
10663,S10663,魏芳
10091,S10091,张慧
1240,S01240,冯超
13532,S13532,郑涛
13532,S13532,郑涛
13532,S13532,郑涛
6786,S06786,褚娜敏
6786,S06786,褚娜敏
15949,S15949,金斌晨
15300,S15300,Isabella
10225,S10225,赵斌
12062,S12062,杨强
12062,S12062,杨强
9197,S09197,施昊伟
9197,S09197,施昊伟
912,S00912,吴敏
863,S00863,魏琪雅
6031,S06031,吴宇
3753,S03753,严娜
16192,S16192,杨静
16192,S16192,杨静
9360,S09360,金航
9360,S09360,金航
9360,S09360,金航
16311,S16311,秦燕
16311,S16311,秦燕
13225,S13225,王鑫
13225,S13225,王鑫
1101,S01101,卫斌
1101,S01101,卫斌
13008,S13008,韩宇
5593,S05593,陈超
5593,S05593,陈超
15932,S15932,冯敏
6772,S06772,姜磊
6772,S06772,姜磊
6772,S06772,姜磊
5389,S05389,张琪
1451,S01451,魏倩
1451,S01451,魏倩
17181,S17181,韩超
17181,S17181,韩超
12978,S12978,何博昊
12978,S12978,何博昊
15520,S15520,郑雪
10826,S10826,严慧倩
14186,S14186,Mia
18886,S18886,冯琳
12100,S12100,朱雅
12100,S12100,朱雅
12100,S12100,朱雅
15446,S15446,吴涛洋
15446,S15446,吴涛洋
15446,S15446,吴涛洋
10336,S10336,陈丽静
10336,S10336,陈丽静
10336,S10336,陈丽静
4786,S04786,王雪
4786,S04786,王雪
18957,S18957,张慧
18957,S18957,张慧
127,S00127,何琪雅
16786,S16786,秦宇航
14127,S14127,朱超
6404,S06404,钱洋
40,S00040,孙慧雪
40,S00040,孙慧雪
15276,S15276,Emma
6954,S06954,何峰
1563,S01563,曹杰
1563,S01563,曹杰
15890,S15890,施斌
14608,S14608,曹欣
16206,S16206,杨皓
4471,S04471,吴峰
4471,S04471,吴峰
4471,S04471,吴峰
10079,S10079,蒋昊强
10079,S10079,蒋昊强
9655,S09655,朱博
9830,S09830,许颖慧
9830,S09830,许颖慧
1792,S01792,韩浩
1792,S01792,韩浩
1792,S01792,韩浩
2096,S02096,Noah
12389,S12389,赵丹萍
12389,S12389,赵丹萍
3198,S03198,姜伟
8896,S08896,李峰
15246,S15246,李皓
2020,S02020,魏浩
2020,S02020,魏浩
5563,S05563,姜颖
16776,S16776,吴鑫博
16776,S16776,吴鑫博
16776,S16776,吴鑫博
16905,S16905,尤洋皓
15509,S15509,吕涛
15509,S15509,吕涛
9240,S09240,魏丹
7840,S07840,李艳
7840,S07840,李艳
11166,S11166,Mia
11166,S11166,Mia
1429,S01429,韩雪
19006,S19006,何宇
19331,S19331,王杰
19331,S19331,王杰
19331,S19331,王杰
3533,S03533,吕媛
10001,S10001,孔超斌
11900,S11900,沈伟
11900,S11900,沈伟
7808,S07808,蒋斌
7808,S07808,蒋斌
14317,S14317,沈慧婷
14462,S14462,郑磊晨
14462,S14462,郑磊晨
3211,S03211,褚雅
3211,S03211,褚雅
2257,S02257,张芳
18396,S18396,曹斌
9940,S09940,Ethan
9940,S09940,Ethan
9940,S09940,Ethan
1848,S01848,许静
1848,S01848,许静
4718,S04718,吕鑫
4996,S04996,蒋萍丹
4996,S04996,蒋萍丹
4996,S04996,蒋萍丹
9130,S09130,魏勇晨
14809,S14809,吴静
14809,S14809,吴静
4829,S04829,秦琪雪
2266,S02266,秦萍
3062,S03062,王丽
17194,S17194,何洁
11018,S11018,冯宇
10427,S10427,沈琪
18495,S18495,金娜
18495,S18495,金娜
16158,S16158,Lucas
8142,S08142,卫皓伟
15038,S15038,褚萍慧
3461,S03461,许宇
3461,S03461,许宇
3461,S03461,许宇
7151,S07151,冯凯
8803,S08803,严磊强
8803,S08803,严磊强
9993,S09993,金勇浩
9993,S09993,金勇浩
9993,S09993,金勇浩
13946,S13946,魏静
5882,S05882,卫洋
5882,S05882,卫洋
4534,S04534,吴萍艳
10069,S10069,华涛
16353,S16353,金峰
16353,S16353,金峰
5688,S05688,Isabella
5688,S05688,Isabella
2557,S02557,蒋丽
3776,S03776,杨敏
3776,S03776,杨敏
11739,S11739,许琪
11739,S11739,许琪
465,S00465,王媛琳
12335,S12335,吴杰
